{
    "$schema": "https://schema.management.azure.com/schemas/2019-04-01/deploymentTemplate.json#",
    "contentVersion": "1.0.0.0",
    "parameters": {
        "accounts_ozb_oai_name": {
            "defaultValue": "ozb-oai",
            "type": "String"
        }
    },
    "variables": {},
    "resources": [
        {
            "type": "Microsoft.CognitiveServices/accounts",
            "apiVersion": "2024-06-01-preview",
            "name": "[parameters('accounts_ozb_oai_name')]",
            "location": "australiaeast",
            "tags": {
                "ENV": "EXPERIMENT"
            },
            "sku": {
                "name": "S0"
            },
            "kind": "OpenAI",
            "properties": {
                "apiProperties": {},
                "customSubDomainName": "[parameters('accounts_ozb_oai_name')]",
                "networkAcls": {
                    "defaultAction": "Allow",
                    "virtualNetworkRules": [],
                    "ipRules": []
                },
                "publicNetworkAccess": "Enabled"
            }
        },
        {
            "type": "Microsoft.CognitiveServices/accounts/defenderForAISettings",
            "apiVersion": "2024-06-01-preview",
            "name": "[concat(parameters('accounts_ozb_oai_name'), '/Default')]",
            "dependsOn": [
                "[resourceId('Microsoft.CognitiveServices/accounts', parameters('accounts_ozb_oai_name'))]"
            ],
            "properties": {
                "state": "Disabled"
            }
        },
        {
            "type": "Microsoft.CognitiveServices/accounts/raiPolicies",
            "apiVersion": "2024-06-01-preview",
            "name": "[concat(parameters('accounts_ozb_oai_name'), '/Microsoft.Default')]",
            "dependsOn": [
                "[resourceId('Microsoft.CognitiveServices/accounts', parameters('accounts_ozb_oai_name'))]"
            ],
            "properties": {
                "mode": "Blocking",
                "contentFilters": [
                    {
                        "name": "Hate",
                        "severityThreshold": "Medium",
                        "blocking": true,
                        "enabled": true,
                        "source": "Prompt"
                    },
                    {
                        "name": "Hate",
                        "severityThreshold": "Medium",
                        "blocking": true,
                        "enabled": true,
                        "source": "Completion"
                    },
                    {
                        "name": "Sexual",
                        "severityThreshold": "Medium",
                        "blocking": true,
                        "enabled": true,
                        "source": "Prompt"
                    },
                    {
                        "name": "Sexual",
                        "severityThreshold": "Medium",
                        "blocking": true,
                        "enabled": true,
                        "source": "Completion"
                    },
                    {
                        "name": "Violence",
                        "severityThreshold": "Medium",
                        "blocking": true,
                        "enabled": true,
                        "source": "Prompt"
                    },
                    {
                        "name": "Violence",
                        "severityThreshold": "Medium",
                        "blocking": true,
                        "enabled": true,
                        "source": "Completion"
                    },
                    {
                        "name": "Selfharm",
                        "severityThreshold": "Medium",
                        "blocking": true,
                        "enabled": true,
                        "source": "Prompt"
                    },
                    {
                        "name": "Selfharm",
                        "severityThreshold": "Medium",
                        "blocking": true,
                        "enabled": true,
                        "source": "Completion"
                    }
                ]
            }
        },
        {
            "type": "Microsoft.CognitiveServices/accounts/raiPolicies",
            "apiVersion": "2024-06-01-preview",
            "name": "[concat(parameters('accounts_ozb_oai_name'), '/Microsoft.DefaultV2')]",
            "dependsOn": [
                "[resourceId('Microsoft.CognitiveServices/accounts', parameters('accounts_ozb_oai_name'))]"
            ],
            "properties": {
                "mode": "Blocking",
                "contentFilters": [
                    {
                        "name": "Hate",
                        "severityThreshold": "Medium",
                        "blocking": true,
                        "enabled": true,
                        "source": "Prompt"
                    },
                    {
                        "name": "Hate",
                        "severityThreshold": "Medium",
                        "blocking": true,
                        "enabled": true,
                        "source": "Completion"
                    },
                    {
                        "name": "Sexual",
                        "severityThreshold": "Medium",
                        "blocking": true,
                        "enabled": true,
                        "source": "Prompt"
                    },
                    {
                        "name": "Sexual",
                        "severityThreshold": "Medium",
                        "blocking": true,
                        "enabled": true,
                        "source": "Completion"
                    },
                    {
                        "name": "Violence",
                        "severityThreshold": "Medium",
                        "blocking": true,
                        "enabled": true,
                        "source": "Prompt"
                    },
                    {
                        "name": "Violence",
                        "severityThreshold": "Medium",
                        "blocking": true,
                        "enabled": true,
                        "source": "Completion"
                    },
                    {
                        "name": "Selfharm",
                        "severityThreshold": "Medium",
                        "blocking": true,
                        "enabled": true,
                        "source": "Prompt"
                    },
                    {
                        "name": "Selfharm",
                        "severityThreshold": "Medium",
                        "blocking": true,
                        "enabled": true,
                        "source": "Completion"
                    },
                    {
                        "name": "Jailbreak",
                        "blocking": true,
                        "enabled": true,
                        "source": "Prompt"
                    },
                    {
                        "name": "Protected Material Text",
                        "blocking": true,
                        "enabled": true,
                        "source": "Completion"
                    },
                    {
                        "name": "Protected Material Code",
                        "blocking": false,
                        "enabled": true,
                        "source": "Completion"
                    }
                ]
            }
        }
    ]
}